#,Emoticon,Meaning,Votes
0,12x--<--@,A dozen roses,300.0
1,O(<>'<>)O,Aang,320.0
2,=|:-)=,Abraham Lincoln,260.0
3,ε=(☉_☉),Accidental farting,250.0
4,[:||||||||||||:],Accordion,400.0
5,:%),Accountant,400.0
6,?:^[],Ace Ventura,400.0
7,:%)%,Acne,300.0
8,):=ı,Adolf Hitler,300.0
9,8-[,Afraid,400.0
10,-|--',Airplane,233.0
11,:-o,Alarmed,200.0
12,c|B-),Ali G,400.0
13,(<>..<>),Alien,180.0
14,">*^,^,^~~~",Alligator,200.0
15,0:),Angel,133.0
16,ლ(ಠ益ಠ)ლ,Anger,168.0
17,ヽ(｀⌒´メ)ノ,Angry,185.0
18,^w^,Anime Smile,240.0
19,-_-;,Anime Sweat Drop,167.0
20,"(¬_¬"")",Annoyed,132.0
21,:42:,Answer to Everything,200.0
22,"-o,,o,,o'",Ant,267.0
23,>: o,Antelope,225.0
24,(⊃‿⊂),Anticipation,167.0
25,m(_)m,Apology,300.0
26,(^^)//,Applause,250.0
27,0-+,April,250.0
28,>A<,Archangel,250.0
29,|  _O__ |  |_|o-o=>  | | | _| |_|,Archer,500.0
30,( `_)乂(_' ),Arm wrestle,200.0
31,<')))~,Armadillo,200.0
32,",,\(o3o)/,,",Armpit Hair,300.0
33,<---<<<,Arrow,167.0
34,(B-I=,Art Critic,400.0
35,(；一_一),Ashamed,180.0
36,<|-),Asian,400.0
37,|-I,Asleep,400.0
38,(0)-<-<,Astronaut,300.0
39,~X(,At Wits End,300.0
40,(⌒ ͜ʖ⌒)b,Attentive,250.0
41,X:-),Aunt Jemima,400.0
42,(au),Auto,400.0
43,o.e,Awkward,317.0
44,:=8),Baboon,200.0
45,~O><,Baby,200.0
46,༼ঢ_㇁ঢ༽,Bad hair day,233.0
47,=.=,Bad Idea,400.0
48,(8-),Bald,300.0
49,:-)-S=~,Ballerina,400.0
50,o~,Balloon,375.0
51,Q_Q_Q_,Balloons,500.0
52,((,Banana,200.0
53,(::[]::),Band-Aid,225.0
54,(:::X:::),Band-aid,333.0
55,(bandit),Bandit,250.0
56,(banghead),Banging Head on Wall,250.0
57,~'v,Bangs,400.0
58,:-%,Banker,250.0
59,（　＾）／占~~~,Banksy,300.0
60,:-C~,Barfing,300.0
61,o > o >,Baring Teeth,200.0
62,"^^^^^^^ | | | O O| c ,___| | ]",Bart Simpson,240.0
63,>--<(:p,Baseball Hat,500.0
64,d:-),Baseball Player,200.0
65,(^+.+^),Bat,157.0
66,\＿(´▽｀)♪＿/,Bathtub,300.0
67,B-|,Batman,200.0
68,;;),Batting Eyelashes,300.0
69,ಥ_ಥ,Bawling,200.0
70,(brb),Be Right Back,300.0
71,"o o ( *.* ) ("") ("") ( O ) ("") ("")",Bear,150.0
72,(ó㉨ò),Bear cub,200.0
73,:)#,Beard,300.0
74,o/ ___o..,Beat Up,333.0
75,b-),Beat up,450.0
76,(#_#),Beaten Up,125.0
77,: =,Beaver,400.0
78,0___,Bed,200.0
79,X:-|,Bed Head,400.0
80,( ) :(III)- ( ),Bee,275.0
81,└@(･ｪ･)@┐,Beefcake,300.0
82,(ii)D,Beer,450.0
83,(_)3,Beer Mug,260.0
84,m(-_-)m,Begging,500.0
85,^(:)v,Being Well Doing Good,300.0
86,::::[||]::::,Belt,400.0
87,⨌⨀_⨀⨌,Benjamin Franklin,300.0
88,OTL,Bent Over,433.0
89,└(^o^ )Ｘ( ^o^)┘,Best buddies,250.0
90,（　＾＾）人（＾＾　）,Best Buds,200.0
91,&:-o-8-<,Betty Boop,200.0
92,o_0,Bewildered,400.0
93,_______ | | | HOLY | | BIBLE | | | |_______|,Bible,250.0
94,(*)/ (*),Bicycle,200.0
95,:D,Big Grin,156.0
96,>:D<,Big Hug,200.0
97,8|___),Big Laugh,400.0
98,:-(|),Big Lips,300.0
99,(|X0||),Big Mac,200.0
100,<(:?),Big-Nosed Dunce,300.0
101,o=>,Billy,400.0
102,:^) ~ )^:,Bipolar,400.0
103,( •)> <'_/,Bird,133.0
104,(^),Birthday Cake,200.0
105,*<:),Birthday Hat,300.0
106,<>:-),Bishop,300.0
107,:*x,Biting,300.0
108,:-s,Bizzare Comment,500.0
109,(:-D,Blabber Mouth,300.0
110,?-(,Black Eye,200.0
111,?(,Black eye,400.0
112,(bah),Black Sheep,267.0
113,'8^P,Blah,333.0
114,|-(,Blind,300.0
115,#-),Blinking,150.0
116,^^,Blissful,300.0
117,(@)/(@),Bloodshot Eyes,400.0
118,∋(°O°)∈,Blowfish,233.0
119,(-□-)︵*,Blowing a Kiss,250.0
120,*8=(:,Blubbering,500.0
121,>//<,Blushing,162.0
122,c-----7,Boat,467.0
123,@=,Bomb,200.0
124,ヽ(⌐■_■)ノ♪♬,Boogie down,220.0
125,ヾ(｀ε´)ﾉ,Booing,377.0
126,:/,Bored,275.0
127,(•_¤),Borg,250.0
128,<( ･ｪ-)<},Bow and Arrow,200.0
129,:-)x,Bow Tie,200.0
130,m(_ _)m,Bowing,200.0
131,(||),Bowl,400.0
132,＝( ^o^)ノ___ｏ,Bowling,150.0
133,o(^_-)O,Boxer,250.0
134,Q(''q) Q(''Q),Boxing,300.0
135,(9'.')9 (9'.')-o,Boxing Kirby,400.0
136,(:-),Boy,300.0
137,:-#,Braces,100.0
138,%-6,Brain Dead,267.0
139,[<O>],Brazilian Flag,250.0
140,ʕʔ,Bread,200.0
141,>:/,Bring it On,200.0
142,(ó ì_í)=óò=(ì_í ò),Bro Pound,175.0
143,%-(,Broken Glasses,300.0
144,<~3,Broken Heart,167.0
145,^ ○ ^,Bubbly Girl,400.0
146,:-(=),Buckteeth,400.0
147,:B,Bucktooth,300.0
148,(*^o^)人(^o^*),Buddies,143.0
149,=:),Bug,400.0
150,E=B,Bugs Bunny,300.0
151,3:(:),Bull,250.0
152,[O==O\=<(,Bulldozer,450.0
153,=;-(,Bully,300.0
154,(╯_╰),Bummed out,300.0
155,(\_/) (0.0)  (___)!,Bunny,171.0
156,(\_/),Bunny Ears,233.0
157,#-(,Bureaucrat,400.0
158,[=₀==₀],Bus,450.0
159,:-)<////>,Businessman,300.0
160,ლ(ಠ益ಠლ),But At What Cost,147.0
161,(_|_),Butt,167.0
162,Ƹ̵̡Ӝ̵̨̄Ʒ,Butterfly,135.0
163,",,,,, _|||||_ {~*~*~*~} _{*~*~*~*}_ `-----------`",Cake,162.0
164,(call),Call,400.0
165,:-c,Call Me,300.0
166,~M',Camel,300.0
167,(p),Camera,233.0
168,|C|,Can of Coke,400.0
169,|P|,Can of Pepsi,500.0
170,~=,Candle,225.0
171,>(///)<,Candy,267.0
172,P=\\,Cap,300.0
173,(; ·_·)????C<?_-),Capture,500.0
174,__ /--|__ |@ @\,Car,375.0
175,((-_(-_-)_-)),Care Crowd,350.0
176,＼(^o)(^0^)(o^)／,Caroling,250.0
177,($),Cash,300.0
178,❀[{O{]_+- _]❀,Casket,500.0
179,|*-*|,Cassette Tape,300.0
180,(=◑ᆺ◐=),Cat,142.0
181,>^..^<,Cat Face,150.0
182,IIII8^)X,Cat in the Hat,300.0
183,^-.-^ Zzzzz,Cat Nap,400.0
184,q:-),Catcher,400.0
185,(:@@@@@D,Caterpillar,167.0
186,~o(:-),Cave Diver,400.0
187,＼(＾O＾)／,Celebrate,220.0
188,ᕕ( ᐛ )ᕗ,Celebrating,155.0
189,ᘛ⁐̤ᕐᐷ,Chameleon,200.0
190,(<._.>),Charlie Brown,400.0
191,C|:-=,Charlie Chaplin,300.0
192,(○｀д´)ﾉｼ Σ(っﾟДﾟ)っ,Chasing,170.0
193,〜〜(／￣▽)／　〜ф,Chasing A Butterfly,233.0
194,:( ),Chatterbox,300.0
195,(o`ꇴ´o),Cheeky,250.0
196,\o/,Cheer,300.0
197,(＾▽＾),Cheerful,275.0
198,✺◟(•‿•)◞✺,Cheerleader,200.0
199,(:=3,Chef,200.0
200,~:>,Chicken,300.0
201,C8o \,Chimp,250.0
202,-{:-],Chinese Hat,300.0
203,\)))/ & \~~~/,Chips and Dip,500.0
204,ε=Σ(´ ),Chirping,400.0
205,:putnam:,Chris Putnam,250.0
206,*<<<<=,Christmas Tree,175.0
207,^)_(^,Chubby,267.0
208,(='.'=),Chubby cat,233.0
209,<{^-^}>,Chubby Face,400.0
210,=====~,Cigarette,300.0
211,:-.),Cindy Crawford,300.0
212,(:),Clam,300.0
213,(￣ー￣)//””,Clapping,300.0
214,(o),Clock,500.0
215,*<:o),Clown,100.0
216,=:-),Cobbler,400.0
217,(_)>,Coffee,400.0
218,(C),Coffee Cup,200.0
219,:-{},Cold,250.0
220,?_?,Cold Stare,300.0
221,$:-),Comb Stuck in the Hair,400.0
222,(。。;)＼(-_-),Comforting,300.0
223,(co),Computer,300.0
224,@/:^),Conan,250.0
225,:-r,Concentrating,400.0
226,:-8(,Condescending,400.0
227,:^),Confounded,400.0
228,¯\(°_o)/¯,Confused,150.0
229,¯(°_o)/¯,Confused shrug,250.0
230,˙ ͜ʟ˙,Content,175.0
231,B-),Cool,133.0
232,-<0oo,Corn,350.0
233,:-[x>,Count Dracula,450.0
234,3:-O,Cow,250.0
235,+/'\,Cowbell,300.0
236,<):-),Cowboy,200.0
237,{:-),Cowgirl,250.0
238,V.v.V,Crab,225.0
239,[]::(CRAYOLA)::[]>,Crayola crayon,400.0
240,()_RED_(>,Crayon,275.0
241,(⊙_◎),Crazed,271.0
242,%OD,Crazily laughing,400.0
243,(◐‿◑)﻿,Crazy,142.0
244,">,=,-",Crocodile,250.0
245,H-),Cross-Eyed,300.0
246,;-;,Crying,162.0
247,(¬‿¬),Cunning,200.0
248,|_|,Cup,400.0
249,~o),Cup of Coffee,200.0
250,8:-),Curly Hair,200.0
251,:-@!,Cursing,300.0
252,n_n,Cute,267.0
253,┌|°з°|┘,Cutting a rug,300.0
254,(╬☉Д⊙ฺ),Cyborg,300.0
255,๏-),Cyclops,167.0
256,:/7),Cyrano de Bergerac,433.0
257,<__*U (_____________)~  _/ _/ _/ _/,Dachshund,250.0
258,:)-S=,Dancer,300.0
259,♪┏(・o･)┛♪,Dancing,134.0
260,/ÖÖ\,Dark Vadorin,450.0
261,(｡▼皿▼),Darth Vader,180.0
262,Q:|,Davey Crockett,250.0
263,8->,Daydreaming,300.0
264,*_*,Dazed,250.0
265,[*_*],Dazzled,350.0
266,x_x,Dead,183.0
267,(=ｘェｘ=),Dead cat,250.0
268,༎ຶ‿༎ຶ,Dead Inside,225.0
269,✖‿✖,Dead person,200.0
270,(▀̿Ĺ̯▀̿ ̿),Deal with it,133.0
271,( °),Death Star,300.0
272,(✖╭╮✖),Deceased,217.0
273,~(O)|,Deep Sea Diver,300.0
274,3:*),Deer,300.0
275,(╯ნ_㇁ნ)╯,Defeated,250.0
276,:-| :-|,Deja Vu,300.0
277,^(#｀∀´)_Ψ,Demon,283.0
278,._.,Depressed,112.0
279,:-[,Despondent,350.0
280,i-),Detective,450.0
281,(ಥ﹏ಥ),Devastated,150.0
282,}:-),Devil,125.0
283,>:->,Diabolical,250.0
284,[]゛７(∀゜*）,Dialing,283.0
285,{>O,Diamond Ring,300.0
286,:-'),Dimple,420.0
287,"_..._ ( "" \> \ \> \ \> \ \>___ / \  | .... |>  \ / \ / || || C./ C./",Dinosaur,232.0
288,=|:-)X,Diplomat,250.0
289,:-|,Disappointed,200.0
290,ಠ_ಠ,Disapproval,134.0
291,（´Д゜）/゜⌒。,Discarding,320.0
292,（￣へ￣）,Discontent,300.0
293,( ͡° ʖ̯ ͡°),Disgruntled,180.0
294,:§,Disgusted,333.0
295,-__-,Disinterested,400.0
296,(*￣m￣),Dissatisfied,250.0
297,༼ ༎ຶ ෴ ༎ຶ༽,Distraught,132.0
298,∊ಠ_ಠ∍,Distressed,260.0
299,%-},Dizzy,200.0
300,d[-_-]b,DJ,125.0
301,:-$,Do Not Tell Anyone,233.0
302,:-)-o,Doctor,300.0
303,◤◡ᴥ◡◥,Dog,132.0
304,8==3,Dog Bone,250.0
305,(&),Dog Face,409.0
306,V●ᴥ●V,Doggy,132.0
307,(>.<),Doh,200.0
308,#-o,Doh!,100.0
309,＿φ( °-°)/,Doing Homework,168.0
310,＿φ(°-°=),Doing homework,142.0
311,[$(1)$],Dollar,250.0
312,===:-D,Don King,500.0
313,(8)<=,Doraemon,300.0
314,:D)),Double Chin,275.0
315,: T,Doubtful,200.0
316,}:-(=,Dracula,450.0
317,\_____/ (.'_'.) \. ./,Dragon,211.0
318,(_ _)..ooOO,Dreaming,217.0
319,*DRINK*,Drink,333.0
320,( -_-)旦~,Drinking,250.0
321,(*¬*),Drooling,132.0
322,~~~~\o/~~~~,Drowning,400.0
323,8-=( ),Drumstick,500.0
324,:*),Drunk,100.0
325,\_O<,Duck,130.0
326,( `_)?(_' ),Dueling,320.0
327,:-F,Dufus,400.0
328,|-(,Dull,267.0
329,p^b,Dumb,300.0
330,8),Dumb Person,267.0
331,Oo!,Dumbfounded,300.0
332,<:-),Dunce,200.0
333,()))TNT)))-x,Dynamite,400.0
334,(E),E-mail,433.0
335,ʘ‿ʘ,Eager,250.0
336,p^_^q,Earphones,400.0
337,::--((,Earthquake,250.0
338,:g,Eating,300.0
339,џ(ºДºџ),Edward Scissorhands,400.0
340,___ .-+(( `*-. /+ ))* *'. | +(( * *\ | + ))* * /  \ +(( * .' '-.))*_.-',Egg,250.0
341,(:-|,Egghead,300.0
342,ε=┌( ≧▽)┘,Elated,300.0
343,~~~\8-O,Electrocuted,400.0
344,:~,Elephant,200.0
345,*<:-)-:--:,Elf,275.0
346,⪿ ↂ ˒̫̮ ↂ ⫀,Elton John,257.0
347,@=),Elvis,300.0
348,&:-),Elvis Presley,350.0
349,"^^""",Embarrassed,167.0
350,(//_-),Emo,127.0
351,♥‿♥,Enamored,267.0
352,˃ʍ˂,Enraged,300.0
353,(v),Envious,400.0
354,(@){,Euphonium,333.0
355,((((((^_^;),Evading,233.0
356,(-(-_(-_-)_-)-),Evil aliens,200.0
357,>:3,Evil Cuteness,175.0
358,(.\|/.),Evil Face,175.0
359,>:),Evil Grin,100.0
360,>:D,Evil Laugh,192.0
361,>=),Evil Smile,300.0
362,/^^\!,Exasperated,350.0
363,ヽ(★ω★)ノ,Excited,170.0
364,#-),Exhausted,200.0
365,†_(ﾟｰﾟ*)β,Exorcism,271.0
366,<•>,Eye,500.0
367,P-),Eye Patch,300.0
368,٩◔̯◔۶,Eye Roll With Hands Up,325.0
369,8-),Eye-Rolling,500.0
370,}=D,Eyebrows,300.0
371,-@--@-,Eyeglasses,300.0
372,# -,Eyepatch,300.0
373,(/ _ < ),Facepalm,214.0
374,:&,Fail,300.0
375,(6.6),Fainting,400.0
376,(ñ_ñ),Fake Smile,247.0
377,(p ^^)=====O,Falcon Punch,350.0
378,(+.+)(-.-)(_ _),Falling Asleep,300.0
379,?:-),Fancy Hair,300.0
380,"^,..,^",Fangs,200.0
381,＼(｀0´)／,Fed Up,267.0
382,(ง •̀_•́)ง,Feisty,143.0
383,=^O.O^=,Felix the Cat,250.0
384,O<-<=,Female,300.0
385,qo{8<]:,Female skateboarder,300.0
386,G('.'G),Fighter,300.0
387,(ง •̀ゝ•́)ง,Fighting,200.0
388,(~),Filmstrip,300.0
389,X=,Fingers Crossed,460.0
390,()))))-x,Firecracker,400.0
391,"<"")))><",Fish,118.0
392,<')+++<,Fish Bone,260.0
393,(~),Fish Bowl,400.0
394,( ^□)_へ━━━━━⊃>°))))彡,Fishing,300.0
395,p#d,Fist Bump,400.0
396,i-=<***,Flamethrower,467.0
397,!.'v,Flat Top,400.0
398,ᕙ(`▽´)ᕗ,Flexing,150.0
399,(╯°□°)╯︵ ʞooqǝɔɐɟ,Flipping Facebook,141.0
400,(╯°□°)╯︵ ┻━┻,Flipping Table,133.0
401,(╯°□°）╯︵ ┻━┻,Flipping table,155.0
402,t(-_-t),Flipping the bird,325.0
403,;D,Flirting,300.0
404,;-),Flirty,400.0
405,(ff),Flirty Female,400.0
406,;3,Flirty Grin,400.0
407,(fm),Flirty Male,400.0
408,<-#,Flower,333.0
409,"0==I==,==I===",Flute,450.0
410,D';,FML,400.0
411,O-&-<,Folding Arms,414.0
412,:-!,Foot in Mouth,300.0
413,(),Football,400.0
414,G:-),Football Helmet,300.0
415,=:-H,Football Player,300.0
416,---E,Fork,300.0
417,o^o-o|_,Forklift,475.0
418,|:-<,Forlorn,500.0
419,%%-,Four Leaf Clover,300.0
420,Vm~,Fox,300.0
421,:^{=,Frank Zappa,400.0
422,[:-|I,Frankenstein,200.0
423,(ﾟДﾟ≡ﾟДﾟ),Frantic,233.0
424,ヽ(ﾟДﾟ)ﾉ,Freak Out,175.0
425,:'|,Freezing,400.0
426,P*,French kiss,250.0
427,:pd:,French Kiss,400.0
428,(´∪`*),Friendly,325.0
429,"O O ' '  ( )-( ) "" """,Friends,433.0
430,(／。＼),Frightened,300.0
431,8)~~*,Frog,225.0
432,[II]D,Frosty Mug,300.0
433,ᒄ₍⁽ˆ⁰ˆ⁾₎ᒃ♪♬,Frosty the Snowman,146.0
434,:(,Frown,183.0
435,:-(,Frowning,100.0
436,:-L,Frustrated,150.0
437,(￣┏∞┓￣),Fu Manchu Man,200.0
438,(fubar),FUBAR,250.0
439,|-[#],Fuming,400.0
440,B-},Funny,250.0
441,(ò_ó),Furious,143.0
442,*:*,Fuzzy,300.0
443,: 0=/--,Gag me,350.0
444,:-(*),Gag Me,300.0
445,qB],Gangster,200.0
446,@}:-),Gardener,300.0
447,=:o,Gasp,300.0
448,==[],Gavel,350.0
449,◖⎚∠⎚◗,Geek,243.0
450,3>(,Geezer,400.0
451,(D:-],General,300.0
452,@:i,Genie,150.0
453,4:-),George Washington,450.0
454,d=P,Ghetto,400.0
455,"(>"")>",Ghost,144.0
456,(´・ω・)っ由,Gift,200.0
457,(g),Gift with a Bow,300.0
458,;)),Giggle,200.0
459,(о＾ω＾о),Giggling,225.0
460,༼ つ ◕_◕ ༽つ,Gimme,145.0
461,>:o===Q<,Giraffe,250.0
462,~0(**)0~,Girl,300.0
463,(;´Д`),Giving Up,150.0
464,(;-_-)ノ,Giving up,160.0
465,＼（＾ ＾）／,Glad,200.0
466,>:[,Glaring,300.0
467,\~/,Glass,300.0
468,8-),Glasses,200.0
469,｡◕‿◕｡,Gleeful,187.0
470,(nah),Goat,267.0
471,:-{>,Goatee,300.0
472,o/,Golf,200.0
473,(´ー｀)┌ﾌｯ,Golf Clap,240.0
474,＼（～Ｏ～）／,Good Morning,233.0
475,♪(●′▽`)ﾉ,Good Night,240.0
476,(^ _ ^)/~~,Goodbye,267.0
477,8-],Googly-Eyed,267.0
478,8:],Gorilla,200.0
479,|<:-),Graduate,150.0
480,oO:)&,Grandma,300.0
481,(~};),Grateful Dead,200.0
482,$_$,Greedy,100.0
483,\o o/,Greeting,300.0
484,.'!,Grim,400.0
485,:->,Grin,150.0
486,（￣ー￣）,Grinning,300.0
487,(-_ゞ,Groggy,200.0
488,└(^o^)┐,Grooving,300.0
489,:-!,Gross,450.0
490,l:[',Groucho Marx,400.0
491,[>#<],Grouchy,400.0
492,(‑.‑(‑.‑)‑.‑),Group,450.0
493,>:(,Grumpy,300.0
494,>^︵^<,Grumpy cat,300.0
495,^i^,Guardian Angel,300.0
496,^_^;,Guilty,167.0
497,/) /( || || || (\||/) ) ( (____),Guitar,147.0
498,︻デ═一,Gun,168.0
499,S:~),Guy,350.0
500,$8(),Guy with a Toupee,300.0
501,@:-),Hair,375.0
502,{:-{)},Hairy,400.0
503,L-:,Half Smile,400.0
504,(||],Hamburger,300.0
505,(%),Handcuffs,500.0
506,||||_ _||||,Hands,400.0
507,(:>-<,Hands Up,400.0
508,(handshake),Handshake,267.0
509,&:-],Handsome,200.0
510,^-^,Happy,154.0
511,uwu,Happy Anime Face,232.0
512,*<|:o),Happy Birthday,300.0
513,:-0 hbtu 0-:,Happy Birthday To You,450.0
514,(°̥̥̥̥̥̥̥̥ᴗ°̥̥̥̥̥̥̥̥),Happy crying,200.0
515,UowoU,Happy dog,400.0
516,OwO,Happy furry animal,186.0
517,<^_^>,Happy monkey,400.0
518,":"")",Happy Tears,200.0
519,<]:),Happy wizard,300.0
520,ζ|||),Harp,500.0
521,<~8),Harry Potter,200.0
522,>O<,Harry Potter Snitch,433.0
523,/* *,Harry Potter Wand,400.0
524,#,Hashtag,167.0
525,q=),Hat,150.0
526,d :-o,Hats off to you,250.0
527,"\,,/(>.<)\,,/",Head Banging,450.0
528,(({..})),Headache,300.0
529,(|:-),Headband,300.0
530,(( ＿ ＿)☆ ≡〇,Header,267.0
531,>:^(,Headhunter,400.0
532,oo,Headlights,400.0
533,d(-_-)b,Headphones,133.0
534,dL-_-b,Headset,300.0
535,<3,Heart,143.0
536,./\..|..|....,Heart Monitor,367.0
537,(∿°○°)∿ ︵ ǝʌol,Heartbroken,200.0
538,"\,,/",Heavy Metal,200.0
539,(heidy),Heidy,233.0
540,▼o･_･o▼,Hello,307.0
541,(o´・Υ・)ﾉ･,Help,267.0
542,?:)#,Hema Employee,500.0
543,（。々°）,Herp Derp,140.0
544,|д･),Hiding,175.0
545,( • ∀•)っθΘʘ,Hiding Easter eggs,200.0
546,~~,High Brow,300.0
547,^_^/,High Five,171.0
548,^y^-/|\--Y^,Highway,400.0
549,(✿◠‿◠),Hippie,162.0
550,( ˇ෴ˇ ),Hipster,260.0
551,o->,Hiro,300.0
552,( ｀皿´)｡ﾐ/,Hitting,250.0
553,:-\,Hmmm,400.0
554,(#],Hockey Player,300.0
555,L.,Hockey Stick,400.0
556,L.,Hockey Stick and Puck,300.0
557,8-),Hollywood,400.0
558,(_8^(|),Homer,133.0
559,(( 8n(7),Homer Simpson,267.0
560,o--},Hope,400.0
561,o(^^o)(o^^)o,Hopeful,280.0
562,}:),Horny,240.0
563,O_0 [_],Horror,300.0
564,",//) ,;;' \ ,;;' ( '\ / '\_)",Horse,143.0
565,(h),Hot,250.0
566,┗(･ω･;)┛,How Should I Know,200.0
567,(っ⌒‿⌒)っ,Hug,180.0
568,{*},Hug and Kiss,300.0
569,⊂((・▽・))⊃,Hug me,143.0
570,<(^.^<),Huge,300.0
571,[[ ]],Hugged,350.0
572,(>^_^)><(^o^<),Hugging,183.0
573,<(*.*<),Huggle,200.0
574,:D<,Hugs,200.0
575,{{{***}}},Hugs and Kisses,300.0
576,[•.•ิ],Huh,160.0
577,~!~,Humbled,300.0
578,%*@:-(,Hung Over,300.0
579,:0,Hungry,300.0
580,:!!,Hurry Up,300.0
581,┗( ●-﹏ ｀｡)づ,Hurt,300.0
582,XD,Hyper,200.0
583,-(@ @)- U,Hypnotist,400.0
584,@-),Hypnotized,300.0
585,:^),I Do Not Know,250.0
586,X_X,I Do Not Want to See,250.0
587,_\m/,I Love You,325.0
588,< },Ice Cream,300.0
589,~oO>,Ice Cream Cone,300.0
590,<><,Ichthus,243.0
591,*-:),Idea,200.0
592,*red+u,IM,500.0
593,(＊☉౪ ⊙｡)ﾉ,Imbecile,175.0
594,:!:,Important,400.0
595,O-S-<,In a hurry,250.0
596,C = (; '_'),In a Hurry,400.0
597,(@),In a Nut Shell,300.0
598,(♥_♥),In Love,155.0
599,._.,Inadequate,250.0
600,"_/\,",Inch Worm,400.0
601,:-S,Incoherent,400.0
602,(o_O),Incredulous,250.0
603,:7/,Indecisive,400.0
604,:-|,Indifferent,100.0
605,（*´▽｀*）,Infatuated,211.0
606,0:-),Innocent,233.0
607,(╭ರ_•́),Inquisitive,183.0
608,§),Insane,400.0
609,;:|,Intrigued,400.0
610,%7<,Irritated,300.0
611,(ip),Island with a Palm Tree,300.0
612,^#(^,It Was Not Me,200.0
613,:<|,Ivy League,400.0
614,(:-|K-,James Bond,333.0
615,♫.(◠౪◠).♫,Jamming to music,250.0
616,8(>_<)8,Jealous,267.0
617,8-),Joe Cool,300.0
618,//0-0\\,John Lennon,180.0
619,X-p,Joking,225.0
620,*JOKINGLY*,Jokingly,400.0
621,:-],Jovial,400.0
622,(≧∇≦)/,Joyful,129.0
623,:-DD,Jubilant,400.0
624,(:-#,Keeping Quiet,400.0
625,( ((><)) ),Kenny,400.0
626,( ｀o´)_θ☆,Kicking,250.0
627,K:P,Kid,200.0
628,]:)|--<,King,200.0
629,]: =]===>,King Arthur,400.0
630,(っ^‿^)っ,Kirby,138.0
631,(> '.' )> <( '.' )> <( '.' <),Kirby Dance,217.0
632,:*,Kiss,169.0
633,( ˘ ³˘)♥,Kiss me,200.0
634,(_X_),Kiss my Butt,220.0
635,（＿ε＿）,Kiss my butt,260.0
636,*KISSED*,Kissed,400.0
637,:}{:,Kisses,350.0
638,(-}{-),Kissing,217.0
639,(=^-^=),Kitten,133.0
640,=^.^=,Kitty,150.0
641,⋟^≏^⋞,Kitty Cat,138.0
642,[|],Kleenex,300.0
643,>>:-|,Klingon,233.0
644,.-=o=-.,Klingon Bird of Prey,200.0
645,+<||-),Knight,300.0
646,(^^) //('_')\\ (^^),Knuckles,350.0
647,ʕ •ᴥ•ʔ,Koala,145.0
648,:*)O,Kool,300.0
649,／人◕ ‿‿ ◕人＼,Kyubey,142.0
650,&0(80<,Lady,400.0
651,(::)<,Ladybug,167.0
652,-.-,Lame,300.0
653,㐈⦁ཽし⦁ཽ㐈,Larry David,275.0
654,m( ﾟ皿ﾟ)m★━━,Laser,250.0
655,l8r),Later,300.0
656,(＾▽＾),Laughing,132.0
657,=D,Laughing Out Loud,100.0
658,:.-),Laughing Tears,400.0
659,({),Left Hug,300.0
660,)-:,Left-handed Sad Face,200.0
661,(-:,Left-handed Smiley Face,100.0
662,(‾ʖ̫‾),Lethargic,200.0
663,:^o,Liar Liar,300.0
664,ლ(´ڡ`ლ),Licking,229.0
665,#-),Lieutenant LaForge,450.0
666,¤\( `⌂´ )/¤,Lifting weights,250.0
667,(i),Light Bulb,300.0
668,(li),Lightning,300.0
669,(Y),Like,200.0
670,:3,Lion,200.0
671,:-#,Lips are Sealed,300.0
672,:(),Lipstick,300.0
673,d-_-b,Listening to Music,133.0
674,[{>.<}],Listening to music,250.0
675,_\\//,Live Long and Prosper,300.0
676,>-<,Livid,267.0
677,~~I==I>,Lizard,277.0
678,☉ϖ☉,Lobster,275.0
679,:P@---,Lollipop,233.0
680,:~),Long Nose,300.0
681,<@> <@>,Look at Me,300.0
682,>.>,Looking,175.0
683,<.< >.>,Looking Around,250.0
684,<*_*>,Looking at You,300.0
685,L-),Loser,233.0
686,:-{},Lots of Lipstick,300.0
687,<3,Love,200.0
688,:x,Love Struck,400.0
689,(ෆ ͒•∘̬• ͒)◞,Lovestruck,225.0
690,(ɔ◔‿◔)ɔ ♥,Loving,139.0
691,(ɔˆ ³(ˆ⌣ˆc),Loving couple,200.0
692,o@=<,Lying Down,400.0
693,(m)(m)(m),M&Ms,433.0
694,>_<,Mad,157.0
695,:-.),Madonna,300.0
696,{8-*,Maggie Simpson,400.0
697,(∩｀-´)⊃━☆ﾟ.*･｡ﾟ,Magic Attack,171.0
698,（*・)｢｣｢｣,Magic Casting,336.0
699,(o • ω • O)つ—♡☆.。.:*・°♡,Magic casting,200.0
700,<*:-),Magician,450.0
701,(makeup),Make-up,400.0
702,(malthe),Malthe,180.0
703,0-|-[,Man,200.0
704,(@@@@):^),Marge Simpson,250.0
705,(#-[,Marine,300.0
706,☺ ☺ ♥ /|\./|\ ┴ ┴,Married,225.0
707,-----(_)-,Marshmallow,400.0
708,(.!.),Martian,200.0
709,Q>--|,Martini,400.0
710,|>--|,Martini Glass,200.0
711,/--\,Maximilian,500.0
712,>:-I,Mean,300.0
713,@|-),Meditating,400.0
714,（＾～＾）,Meh,300.0
715,ヽ（´ー｀）┌,Mellow,267.0
716,O O /|\ /|\ /\ /\,Men,200.0
717,@,Mention,200.0
718,@_@,Mesmerized,167.0
719,\m/,Metal,117.0
720,|:-[|],Mick Jagger,400.0
721,ºOº,Mickey Mouse,167.0
722,o/<,Midget,300.0
723,(o:v),Miner,500.0
724,?8},Mischievous,233.0
725,=)=,Mixed Feelings,300.0
726,(mm),Mmm,400.0
727,(mp),Mobile Phone,300.0
728,^o^,Mog,300.0
729,-:-),Mohawk,350.0
730,[*(1)*],Money,200.0
731,$-),Money Eyes,400.0
732,:-($),Money Mouth,250.0
733,O|-),Monk,400.0
734,@('.')@,Monkey,175.0
735,ಠ_ರೃ,Monocle,150.0
736,:E,Monster,300.0
737,(_i_),Mooning,300.0
738,(|),Mooning You,400.0
739,(>°|°<),Mosquito,367.0
740,o-7-o,Motorbike,450.0
741,o--7o,Motorcycle,400.0
742,/'\,Mountain,300.0
743,<:3)~,Mouse,144.0
744,8(:-),Mouseketeer,300.0
745,(~),Movie,450.0
746,:mrgreen:,Mr. Green,450.0
747,~O-O~,Mr. Magoo,300.0
748,(m),MSN Messenger,300.0
749,cl_l,Mug,400.0
750,(flex),Muscle,233.0
751,ᕦ❍ᴗ❍ᕤ,Muscular Person,200.0
752,(music),Music,433.0
753,( ￣┏＿┓￣),Mustache,156.0
754,:{|,Mustache Man,300.0
755,:-:,Mutant,400.0
756,(myspace),Myspace,500.0
757,•:_:•,Nagato,317.0
758,:-SS,Nailbiting,300.0
759,(Z(:^P,Napoleon,400.0
760,"~,~",Napping,100.0
761,_:^),Native American,300.0
762,:3,Naughty Grin,400.0
763,*:-),Navy Admiral,200.0
764,@:-),Navy Captain,200.0
765,#:-),Navy Commander,200.0
766,=:-),Navy Lieutenant,200.0
767,|==|iiii|>---,Needle,350.0
768,(-),Needs Haircut,500.0
769,(¬_¬ ),Neglected,250.0
770,8-|,Nerd,150.0
771,QK,Ninja,200.0
772,( --)/ ==卍,Ninja Star,287.0
773,[+..••],Nintendo Controller,250.0
774,(nod),Nodding,250.0
775,(?_?),Nonsense,400.0
776,):-(,Nordic,450.0
777,(:^(,Nose,300.0
778,%-(,Not Listening,300.0
779,<2,Not quite love,400.0
780,[-(,Not talking,300.0
781,^:)^,Not Worthy,250.0
782,(8),Note,250.0
783,]:-),Nurse,300.0
784,"•.,¸,.•*`•.,¸¸,.•*¯ ╭━━━━╮ •.,¸,.•*¯`•.,¸,.•*¯.|:::::::::: /___/ •.,¸,.•*¯`•.,¸,.•* <|:::::::::(｡ ●ω●｡) •.,¸,.•¯•.,¸,.•╰ * >し------し---Ｊ",Nyan Cat,146.0
785,Ｃ:。ミ,Octopus,164.0
786,O_o,Oddball,400.0
787,:-j,Oh Go On,300.0
788,/o\,Oh no!,350.0
789,L(´□｀L),Oh No!,183.0
790,?:-_],Old Lady,400.0
791,|:-{)~,Old Man,400.0
792,(ﾉ-o-)ﾉ 中,Olympic Hammer Throw,225.0
793,:)],On the Phone,150.0
794,(〃＾∇＾)】,On The Phone,189.0
795,':-(,One Eyebrow,300.0
796,.-),One-Eyed Smile,200.0
797,:~,Ood,400.0
798,=X,Oops,300.0
799,:d,Open-Mouthed Smile,300.0
800,E:-),Operator,300.0
801,̿’̿’\̵͇̿̿\З=( ͠° ͟ʖ ͡°)=Ε/̵͇̿̿/’̿̿ ̿ ̿ ̿ ̿ ̿,Outlaw,138.0
802,~#|__/~~\o/~,Overboard,500.0
803,^_^,Overjoyed,137.0
804,:-))),Overweight,400.0
805,"(*v*) (( )) -""-""-",Owl,154.0
806,(<. . . .,Pacman,220.0
807,(V)=|,Pacman Trophy,300.0
808,(>_<),Painful,150.0
809,(。･_･)ノ”【】,Painting,217.0
810,◖㈠ ω ㈠◗,Panda,169.0
811,\(>o<)/,Panicking,233.0
812,(>-:-)-<,Parachute,400.0
813,(@.@),Paranoid,300.0
814,{|:{),Park Ranger,500.0
815,<:o),Party,300.0
816,*<(:),Party Hat,400.0
817,<l:0,Partying,100.0
818,*<|8-P~,Partying Too Much,300.0
819,(:V,Pato,350.0
820,(^o^)y,Peace,167.0
821,(/ω･＼),Peering,300.0
822,<IIEEEEEED,Pen,500.0
823,0))__)>,Pencil,450.0
824,<(^),Penguin,150.0
825,*-),Pensive,400.0
826,༼ঢ_༽ঢ༽,Perplexed,275.0
827,<:^],Person,300.0
828,>:P,Phbbbbt,167.0
829,ε-(´・｀) ﾌ,Phew,317.0
830,:?),Philosopher,400.0
831,(((☎))),Phone,191.0
832,________ /_/_/_/_/,Piano,300.0
833,) ( \___/,Pie,450.0
834,----|},Pie Being Thrown,300.0
835,--===[},Pie Fight,267.0
836,<(^oo^)>,Pig,185.0
837,(*’(OO)’*),Piggy,300.0
838,∋∞(●ﾟvﾟ)∞∈,Pigtails,180.0
839,(o^-^o),Pikachu,219.0
840,<(:-),Pilgrim,300.0
841,(__),Pill,450.0
842,\|/ (_),Pineapple,200.0
843,┳┻┳°,Ping Pong table,275.0
844,:---),Pinnochio,300.0
845,/ :/ ),Pinocchio,400.0
846,R),Pirate,133.0
847,"-=,q",Pistol,433.0
848,<%),Pizza,112.0
849,(pl),Plate,300.0
850,:þ,Playful,275.0
851,◦°˚\☺/˚°◦,Playing in the snow,167.0
852,( •_•)O °Q(•_• ),Playing Ping Pong,200.0
853,(+[__]∙:∙),PlayStation Portable,200.0
854,(^̮^),Pleased,300.0
855,(pu),Point Up,500.0
856,（￢з￢）σ,Pointing,250.0
857,:-I,Poker Face,200.0
858,(*・)σσ(*゜O゜),Poking,300.0
859,ʕ•͡ᴥ•ʔ,Polar bear,141.0
860,-[[•]]--[()]-,Police Chase,500.0
861,c|:-|,Police Officer,400.0
862,(｡･ˇдˇ･｡),Pompous,300.0
863,^ /'\\\___***  ( )  || ||,Pony,450.0
864,੯ू‵ू ໒꒱,Poodle,260.0
865,(poolparty),Pool Party,333.0
866,~@~,Poop,222.0
867,[::::],Pop-Tart,200.0
868,<+]:¬),Pope,300.0
869,;-?,Popeye,250.0
870,(•ᴥ• )́`́'́`́'́⻍,Porcupine,240.0
871,:<,Pout,167.0
872,:-\,Pouting,300.0
873,\o/,Praise The Lord,233.0
874,_/\_,Prayer,400.0
875,/\'s,Prayers,400.0
876,[-o<,Praying,200.0
877,（人’∀’）,Precious,250.0
878,:-)>( )-,Pregnant,400.0
879,&,Pretzel,400.0
880,+:-),Priest,300.0
881,(zilmer),Priidu,300.0
882,\<><>/,Prince,400.0
883,~<:-),Princess,300.0
884,@(*-*)@,Princess Leia,300.0
885,x{|:),Propeller Hat,400.0
886,( ° ᴗ°)~ð,Proposal,250.0
887,== -,Proud,400.0
888,(+[ ]-:-),PSP,300.0
889,ヘ（。□°）ヘ,Psycho,200.0
890,（*＾3＾）,Pucker up,200.0
891,:&,Puke,400.0
892,(puking),Puking,300.0
893,o(^▽^)o,Pumped,160.0
894,ヽ( ★ω★)ノ,Pumped up,200.0
895,(^:^),Pumpkin,300.0
896,（。_°☆＼(- – ),Punch,280.0
897,(。_°)☆,Punched,200.0
898,(o￣∇￣)=◯)`ν゜)･,Punching,150.0
899,-:-/,Punk,300.0
900,-:(,Punk rocker,400.0
901,U＾ェ＾U,Puppy,150.0
902,∊♡_ᴥ_♡∍,Puppy Love,187.0
903,".'""",Pursing Lips,400.0
904,Q('.'Q),Put Em Up,250.0
905,t('.'t),Put em up,400.0
906,Facebookノ( º _ ºノ),Putting Facebook back after flipping it,400.0
907,(•_•) ( •_•)>⌐■-■ (⌐■_■),Putting On Sunglasses,300.0
908,┬─┬ノ( º _ ºノ),Putting Table Back,260.0
909,「(°ヘ°),Puzzled,225.0
910,C):-O C):-O C):-O C):-O,Quartet,500.0
911,\%%%/,Queen,400.0
912,:?:,Question,400.0
913,"()() =(-,-)= ("")_("")",Rabbit,173.0
914,`=o=^o>,Race Car,400.0
915,CD:-)>,Railroad Worker,500.0
916,~~:-(,Rain,400.0
917,(R),Rainbow,400.0
918,ƪ(˘⌣˘)ʃ,Raise the roof,275.0
919,/:),Raised Eyebrow,400.0
920,(﻿ ͡° ͜ʖ ͡°),Raised eyebrows,250.0
921,d:o),Rapper,400.0
922,<:3( )~~,Rat,220.0
923,(((((:-{=,Raver,400.0
924,～゜・_・゜～,Raving,300.0
925,(l),Red Heart,300.0
926,(k),Red Lips,300.0
927,(f),Red Rose,300.0
928,}---:o>,Reindeer,300.0
929,o(´^｀)o,Reluctant,220.0
930,~o),Reproduction,300.0
931,(*_*),Restrained Fury,350.0
932,>=D,Revenge,300.0
933,?$?:-),Rich,450.0
934,(}),Right Hug,300.0
935,/O,Rimshot,400.0
936,✌(გ_㇁გ)✌,Ringo Starr,200.0
937,________ -------- ________,Road,400.0
938,*<l:o)>,Robin Hood,300.0
939,([(,Robocop,400.0
940,~(o_o)~,Robot,225.0
941,\m/@_@\m/,Rock On,175.0
942,O -- [] -- ✄,Rock Paper Scissors,500.0
943,\m/(>.<)\m/,Rocker,157.0
944,<===~~,Rocket,300.0
945,\m/,Rocking,150.0
946,\m/ >_< \m/,Rocking Out,150.0
947,◔̯◔,Rolling Eyes,200.0
948,=)),Rolling on the Floor Laughing,400.0
949,(ɔ˘з˘)ɔ,Romantic,250.0
950,7:-),Ronald Reagan,200.0
951,~:>,Rooster,300.0
952,@~)~~~~,Rose,133.0
953,<(*_*)>,Rosie,267.0
954,3:*>,Rudolph,250.0
955,== 0>--< ==,Run Over,500.0
956,ε=┏(ﾟロﾟ;)┛,Running,160.0
957,:c,Sad,138.0
958,;^;,Sadness,400.0
959,/:-),Sailor,300.0
960,;-)}<////>,Salesman,400.0
961,O7,Salute,237.0
962,:-{o,Salvador Dali,300.0
963,*<]:{),Santa,200.0
964,*<:-),Santa Claus,200.0
965,:S,Sarcastic,167.0
966,←～（o ｀▽´ )oΨ,Satan,280.0
967,(▰˘◡˘▰),Satisfied,229.0
968,.∵･(ﾟДﾟ),Scared,140.0
969,(☄ฺ◣д◢)☄ฺ,Scaring,200.0
970,(╯‵Д′)╯,Scary,267.0
971,ಠᴗಠ,Scheming,175.0
972,*!#*!^*&:-),Schizophrenic,200.0
973,!:-),Scholar,300.0
974,*s*,School,450.0
975,/( ＿0＿)￣θ☆≡≡○,Scissor Kick,300.0
976,8<,Scissors,200.0
977,c--I-I-I{,Scorpion,400.0
978,>-$,Scowling,400.0
979,<(;￣ ･￣),Scratching,300.0
980,^:-/,Scratching Head,400.0
981,:-@,Screaming,250.0
982,O-),Scuba Diver,300.0
983,\';./,Sea Horse,300.0
984,___  / \ >| __> >| | >| |_  \ / \  \__/,Seahorse,280.0
985,(ᵔᴥᵔ),Seal,164.0
986,;^!,Secret,300.0
987,:-*,Secret Telling,300.0
988,8==8,Seeing Eye to Eye,200.0
989,\000/,Shaka,400.0
990,(shake),Shaking,400.0
991,(x.x)9,Shaking Fist,300.0
992,[-x,Shame on You,467.0
993,~~~/\\~~~,Shark,200.0
994,_/\_\o/_,Shark Attack,333.0
995,@@@@@@@ @^_^@@@@@ @@@@@@@ !! !! ^^ ^^,Sheep,240.0
996,C):-| *,Sheriff,300.0
997,(¬､¬),Shifty,250.0
998,⊙▂⊙,Shocked,140.0
999,(ﾟ皿ﾟ)ｒ┏┳－*,Shooting,200.0
1000,☆彡,Shooting Star,500.0
1001,+-(,Shot between the eyes,400.0
1002,ᡕᠵ᠊ᡃ່࡚ࠢ࠘⸝່ࠡࠣ᠊᠆ࠣᡁࠣ࠘᠊᠊ࠢ࠘᠊᠊ࠢ࠘~♡,Shot in the heart,250.0
1003,^^,Shoulder Shrug,300.0
1004,:-V,Shouting,300.0
1005,|----D,Shovel,400.0
1006,`\('_')/`,Shrug,300.0
1007,¯\_(ツ)_/¯,Shrugging,136.0
1008,（/｡＼),Shy,160.0
1009,(-:|:-),Siamese Twins,300.0
1010,:-&,Sick,140.0
1011,:-Y,Side Comment,300.0
1012,8-O --*,Side Cramp,500.0
1013,:-<,Sigh,333.0
1014,=P,Silly,240.0
1015,(^o^),Singing,300.0
1016,]:,Skateboard,200.0
1017,O[-<]:,Skateboarder,200.0
1018,O-/-<]:,Skater,150.0
1019,(•͡.•͡),Skeptical,200.0
1020,*(H-),Skier,400.0
1021,ε=┌(^-^)┘,Skipping,233.0
1022,8-X,Skull,400.0
1023,(skype),Skype,250.0
1024,(；^＿^)ッ☆(　゜o゜),Slapping,250.0
1025,-_-,Sleeping,150.0
1026,/ZZ,Sleeping Darth Vader,400.0
1027,(s),Sleeping Half-Moon,450.0
1028,૮(-.-)ა,Sleeping Kirby,160.0
1029,~_~,Sleepy,150.0
1030,"#(,'%/)",Slept Too Long,200.0
1031,:-#,Smacked,400.0
1032,:),Smile,109.0
1033,( ͡° ͜ʖ ͡°),Smiling,146.0
1034,:-1,Smirk,214.0
1035,;^),Smirking,167.0
1036,(｡♥‿♥｡),Smitten,250.0
1037,:-d~,Smoker,233.0
1038,:-Q,Smoking,150.0
1039,:-?,Smoking a Pipe,300.0
1040,(づ￣ ³￣)づ,Smooch,217.0
1041,:>,Smug,200.0
1042,_@v,Snail,175.0
1043,<=====<>~,Snake,250.0
1044,- -  o...,Sneezing,400.0
1045,:-`|,Sniffling,300.0
1046,( ´-ω･)︻┻┳══━一,Sniper,130.0
1047,:<),Snobby,300.0
1048,┬┴┬┴┤(･_├┬┴┬┴,Snooper,170.0
1049,|^O,Snoring,200.0
1050,❆❅❉,Snowing,144.0
1051,__ _|_|_ (••) ( ) ( ),Snowman,175.0
1052,(´･ω･`),Snubbing,162.0
1053,O D O,So Wrong,500.0
1054,(╥﹏╥),Sobbing,162.0
1055,(so),Soccer Ball,450.0
1056,| | | |__ (____),Sock,500.0
1057,/:-),Soldier,250.0
1058,c]:{D,Sombrero,400.0
1059,੯ू•́ू ໒꒱⁼³₌₃,Sonic the Hedgehog,300.0
1060,?-(,Sorry,300.0
1061,>.<,Sour,133.0
1062,(X^(*,Sour Face,400.0
1063,[>==],South African Flag,300.0
1064,0_o,Spaced Out,300.0
1065,|-=[O]=-|,Spaceship,400.0
1066,:-M,Speak no Evil,300.0
1067,:|,Speechless,300.0
1068,/\(00)/\,Spider,225.0
1069,:-`,Spitting,300.0
1070,>:-I,Spock,300.0
1071,|∴め ϖ め∴|,SpongeBob SquarePants,144.0
1072,ↁ_ↁ,Spooked,400.0
1073,ε=ε=ε=┌(๑ʘ∀ʘ)┘,Sprinting,280.0
1074,__m_OO_m__,Spy,400.0
1075,<コ:彡,Squid,156.0
1076,-_-,Squinting,200.0
1077,(*),Star,300.0
1078,*~*,Star Gazed,250.0
1079,(;￢_￢),Staring,150.0
1080,%.),Staring at a Screen for Too Long,200.0
1081,=-O,Starship Enterprise,400.0
1082,(~);},Stealie,183.0
1083,;@,Steaming Mad,300.0
1084,|̲̅̅●̲̅̅|̲̅̅=̲̅̅|̲̅̅●̲̅̅|,Stereo,133.0
1085,|:-|,Stern,400.0
1086,O -|- /\,Stick Man,200.0
1087,O-[--<,Stickfigure,400.0
1088,:P,Sticking Tongue Out,167.0
1089,:-{ -__-:,Stinky,250.0
1090,~/~,Stirring,500.0
1091,$:-$,Stock Broker,300.0
1092,>;D,Stoked,400.0
1093,*STOP*,Stop,200.0
1094,(st),Stormy Cloud,300.0
1095,:|,Straight face,200.0
1096,.'T,Straight Face,350.0
1097,-.-,Stressed,300.0
1098,O=[O{|___|]=O,Stretcher,500.0
1099,___ψ(‥ ),Studying,267.0
1100,@?@,Stunned,300.0
1101,&;-P,Suave,300.0
1102,(sun),Sun,175.0
1103,B-),Sunglasses,150.0
1104,_\|/_,Sunset,400.0
1105,((o)),Sunshine,200.0
1106,─=≡Σ(([ ⊐•̀⌂•́]⊐,Superhero,161.0
1107,/ O-\-</  /',Surfer,300.0
1108,Ⅽ( O ∪ O )Ↄ,Surprise,250.0
1109,:o,Surprised,114.0
1110,(ﾉ_ _)ﾉ,Surrender,200.0
1111,0-0,Suspense,400.0
1112,(@@)  O,Suspicious,300.0
1113,:#,Swearing,200.0
1114,`:-),Sweating,300.0
1115,8-),Swimmer,400.0
1116,__/\o_,Swimming,250.0
1117,B-)-[<,Swimming Trunks,500.0
1118,x_O,Swollen Eye,300.0
1119,oxx:{}:::::::>,Sword,162.0
1120,(´>_●)メ(●_<｀),Sword Fighting,145.0
1121,-<((((>-{,Swordfish,400.0
1122,---(|||]==[],Syringe,125.0
1123,┬─┬﻿︵/(.□.)╯,Table Flips You,133.0
1124,‎(>o<)ρミ┳┷┳゜,Table Tennis,212.0
1125,༼ つ ◕_◕ ༽つ,Take my energy,133.0
1126,=;,Talk to the Hand,300.0
1127,:-{ },Talking,200.0
1128,"__ |""""""\-= (____)",Tank,230.0
1129,>8-O-(&),Tapeworm,500.0
1130,(๑╹ڡ╹๑),Tasty,250.0
1131,(tuari),Tauri,500.0
1132,\_/?,Tea Cup,400.0
1133,C(_)~,Teapot,400.0
1134,&-l,Tearing up,400.0
1135,:p,Teasing,133.0
1136,⊂(◜ᴥ◝)つ,Teddy Bear,167.0
1137,⊂(^(工)^)⊃,Teddy bear,222.0
1138,(t),Telephone Receiver,300.0
1139,(((((^_^),Teleporting,275.0
1140,-(:)(0)=8,Teletubby,425.0
1141,>[I,Television,300.0
1142,ixxxxxi,Tennis Net,500.0
1143,|B-),Terminator,300.0
1144,＼(-_- ),Thank You,220.0
1145,^/^,The Great Divider,450.0
1146,-:},The Grinch,250.0
1147,8=:-K,The Swedish Chef,300.0
1148,:-?,Thinking,167.0
1149,m- B^] -m,This guy,300.0
1150,(*・_・)ノ⌒*,Throwing Away,267.0
1151,q('-')p,Thumbs Down,400.0
1152,d-(^.^)z,Thumbs Up,133.0
1153,:-)<////>,Tie,300.0
1154,(-o-),TIE Fighter,300.0
1155,o ( : o O o,Tigger,500.0
1156,:-T,Tight Lipped,300.0
1157,[]---|<O---[],Tight Rope,500.0
1158,:^T,Tight-lipped,400.0
1159,(o),Time,250.0
1160,:-t,Time Out,200.0
1161,-<:-(,Tin Man,300.0
1162,〠_〠,Tired,200.0
1163,(%]:D,Toad,233.0
1164,0000(0)(0)0000,Toes,400.0
1165,(toivo),Toivo,233.0
1166,.'w,Tongue,450.0
1167,:-J,Tongue in Cheek,125.0
1168,(:@,Tongue Tied,250.0
1169,:-a,Tongue Touching Nose,500.0
1170,(tmi),Too Much Information,400.0
1171,[|:),Top Hat,350.0
1172,#:o\:o/:o\:o/:o||,Totem Pole,500.0
1173,='),Touched,300.0
1174,{:-),Toupee,300.0
1175,-HHHH,Tower,300.0
1176,[..],Transformer,200.0
1177,>~<,Translate,450.0
1178,>:-|,Trekkie,300.0
1179,:<(),Tribesman,400.0
1180,｡｡｡(o_ _)o⌒☆,Tripping,300.0
1181,(>_<)>,Troubled,300.0
1182,<.<,Troublemaker,400.0
1183,[._.]-.˛,Truck,250.0
1184,-=iii=<(),Trumpet,275.0
1185,(o) \\\\ (_),Tuba,500.0
1186,O>-O>-|-<O-<O,Tug of War,500.0
1187,X:-|,Tupac Shakur,400.0
1188,@=),Turban,250.0
1189,mm . .\ \\\/  V\ \\\\///  \ \\\/  ( )  l L,Turkey,237.0
1190,[( o/)]|::|[( o/)],Turntables,300.0
1191,:(,Turtle,455.0
1192,:-)8---,Tuxedo,300.0
1193,(-::-(,Two-faced,500.0
1194,.-=-.,UFO,400.0
1195,=-O,Uh-oh,233.0
1196,(o|o),Ultraman,150.0
1197,"(---,",Umbrella,250.0
1198,q;|,Umpire,400.0
1199,(ㆆ_ㆆ),Unamused,167.0
1200,x:-/,Uncertain,300.0
1201,=l:-)=,Uncle Sam,400.0
1202,\_(*-*)_/ | / \,Undecided,233.0
1203,:<,Unhappy,200.0
1204,|:-),Unibrow,400.0
1205,（￣～￣）,Unimpressed,150.0
1206,**==,United States Flag,200.0
1207,:/,Unsure,100.0
1208,{{|└(>o< )┘|}},Up In Arms,250.0
1209,>.<,Upset,217.0
1210,.-.,Upside Down,167.0
1211,P:,Upward Lick,275.0
1212,"@,.,@",Vampire,229.0
1213,"^,..,^",Vampire Bat,175.0
1214,"^v^(;,,;)^v^",Vampire bat,200.0
1215,(^-^:),Vampire Bite,350.0
1216,:-[,Vampiro,300.0
1217,%*},Very Drunk,300.0
1218,=D,Very Happy,233.0
1219,:-((,Very Sad,300.0
1220,v(^_^)v,Victory,250.0
1221,8Ö<,Video Projector,500.0
1222,](-[3,Viking,400.0
1223,(o\_!_/o),Volkswagen Bug,400.0
1224,(／o^)/°⊥＼(^o＼),Volleyball,300.0
1225,o ixxxxxxxi | |,Volleyball Net,400.0
1226,:O=,Vomit,400.0
1227,:-C.°.°,Vomiting,250.0
1228,(>'.')>#,Waffle,200.0
1229,(″･ิ_･ิ)っ,Wait,214.0
1230,且_(ﾟ◇ﾟ；)ノﾞ,Waiter,271.0
1231,:-w,Waiting,167.0
1232,(:3 っ)っ,Walrus,137.0
1233,._),Warping,500.0
1234,@@ -,Watching,400.0
1235,__/\o_ o,Water Polo,500.0
1236,(wave),Wave,233.0
1237,~~c___,Waves,250.0
1238,( ^_^)／,Waving,200.0
1239,:-)--,Weakling,400.0
1240,(´~`),Weary,200.0
1241,;w;,Weeping,250.0
1242,:|=.===.=|:  \ O / | _/ \_,Weightlifting,250.0
1243,-_-,Whatever,167.0
1244,#:-S,Whew,275.0
1245,*WHINING*,Whining,300.0
1246,( ￣ﾉ∇￣)￣ｰ￣),Whispering,178.0
1247,":-""",Whistling,150.0
1248,(－‸ლ),Whoops,150.0
1249,8-O,Wide-eyed,400.0
1250,(w),Wilted Rose,433.0
1251,ミ田,Windows,400.0
1252,())=(,Wine Glass,400.0
1253,;^),Wink,129.0
1254,;-),Winking,220.0
1255,ʕ •́؈•̀),Winnie the Pooh,217.0
1256,（ つ Д ｀）,Wiping Tears,312.0
1257,<):^/,Witch,300.0
1258,I8${},Witch Doctor,400.0
1259,(∩｀-´)⊃━☆ﾟ.*･｡ﾟ,Wizard,141.0
1260,{0-|<[,Woman,300.0
1261,(p >_>)--D C--(<_< q),Wonder Twins,500.0
1262,o.o?,Wondering,200.0
1263,ᡊ|◔じ◔|ᡊ,Woody Allen,300.0
1264,(wo),Work,500.0
1265,(´╹〽╹`),Worried,153.0
1266,ƪ(˘▽˘ƪ),Worshiping,240.0
1267,＿〆(。。),Writing,200.0
1268,8==8O8==8,X-Wing,200.0
1269,[x],Xbox,400.0
1270,_/),Yacht,300.0
1271,|-O,Yawn,100.0
1272,(;´ρ`),Yawning,250.0
1273,*\o/*,Yay,200.0
1274,>:O,Yelling,167.0
1275,(☉__☉”),Yikes,200.0
1276,(%),Yin Yang,300.0
1277,<(-_-)>,Yoda,167.0
1278,(ﾉﾟ0ﾟ)ﾉ~,Yoo-Hoo,143.0
1279,:-0>,Yuck Face,200.0
1280,:-9,Yum,300.0
1281,(っ˘ڡ˘ς),Yummy,250.0
1282,/:(////)~ /\ /\,Zebra,400.0
1283,:#,Zip It,200.0
1284,"(V) (°,,,,°) (V)",Zoidberg,240.0
1285,[¬º-°]¬,Zombie,154.0
1286,Z,Zorro,500.0
1287,B-)===>,ZZ Top,340.0
